﻿TASKCODE,TASKDESC
A29,Await Payslips - App 1
A30,Await Payslips - App 2
ACE,Await Employment Contract - App 1
AC2,Await Employment Contract - App 2
ADF,Await Deferred Reference - App 1
AD2,Await Deferred Reference - App 2
ARP,Await Evidence of Total Remuneration Package- App 1
AP2,Await Evidence of Total Remuneration Package- App 2
ACM,Await Evidence of Court Approved Maintenance - App 1
L20,Await Last 2 Years SA302's - App 1
L28,Await Last 2 Years SA302's - App 2
ASP,Await Sales Particulars
ANB,Await Evidence of Additional Non-Borrowed Funds - App 1
AN2,Await Evidence of Additional Non-Borrowed Funds - App 2
ABT,Await BTL Schedule
ARE,Await Rental Income Details- App 1
A12,Await Rental Income Details- App 2
A33,Await Bank Statements - App 1
A34,Await Bank Statements - App 2
L07,Await 2 Years Audited Accounts - App 1
L27,Await 2 Years Audited Accounts - App 2
A3B,Await last 3 Months' Business Bank Statements - App 1
AB2,Await last 3 Months' Business Bank Statements - App 2
N20,Await P60 - App 1
A50,Await P60 - App 2
AP6,Await P60 from the last Two Years - App 1
A6T,Await P60 from the last Two Years - App 2
A41,Await Proof Of Id - App 1
A42,Await Proof Of Id - App 2
DDO,Await Direct Debit Mandate
N16,Await Employer Reference - App 1
A58,Await Employer Reference - App 2
AEH,Await evidence of costings for home improvements - App 1
AE2,Await evidence of costings for home improvements - App 2
N33,Await Evidence of Repayment Strategy - App 1
N86,Await Evidence of Repayment Strategy - App 2
AWP,Await Written Proof Of Deposit
APD,Await Verbal Proof Of Deposit
N07,Await Additional Info-Income - App 1
N84,Await Additional Info-Income - App 2
N60,Await Fee Details
QAP,Query over application
N59,Await Council of Mortgage Lenders Disclosure Form
N62,Await Household Occ Details - App 1
N87,Await Household Occ Details - App 2
N64,Await Product Details
N65,Await Proof of Debt Consolidation - App 1
N88,Await Proof of Debt Consolidation - App 2
N66,Await Proof of Pension Details - App 1
N89,Await Proof of Pension Details - App 2
N70,Await Right-to-buy Certificate
N71,Await Right-to-Reside Confirmation - App 1
N90,Await Right-to-Reside Confirmation - App 2
A92,Await Solicitor Details
Y09,Await Prev Emp Details App 1
Y10,Await Prev Emp Details App 2
Y07,Await Inland Revenue App 1
Y08,Await Inland Revenue App 2
Y04,Await Home Reoprt Details
Y11,Await Help To Buy Docs
Y16,Await Accountants Letter App 1
Y17,Await Accountants Letter App 2
Y03,Await Purpose of ADBO
Y01,Await Anti Impersonation App 1
Y02,Await Anti Impersonation App 2
A45,Await Address ID App 1
A46,Await Address ID App 2
Y12,Await Full Legal Name App 1
Y13,Await Full Legal Name App 2
Y18,Await Retirement Age App 1
Y19,Await Retirement Age App 2
Y15,Await Mortgage Payment Details
Y14,Await Selling agents details
N29,Await New Property Details
AVR,Await Valuation Report
ARO,Await certificate of Title
CCD,Await New Completion Date
ATR,Await Timber Report Pre offer
ARD,Await Drains Report Pre offer
ABR,Await Builders Report Pre offer
AMR,Await Mining Report Pre offer
ART,Await Tree Report Pre offer
C34,Awt Electrical Report
C35,Awt T.D.P.C Report
C36,Awt Cavity Wall Report
ADM,Await Damp Report Post offer
AMI,Await Mining Report Post offer
ASC,Await Struct. Report Confirmed
ATE,Await Tree Report Post offer
ABU,Await Builders Report Post offer
ATB,Await Timber Report Post offer
ADR,Await Drains Report Post offer
N73,Await Specialist Report
MRO,Mining Report Outstanding
V04,Structural Engineers Report
V05,Mundic Report/Concrete Test
AM2,Await Evidence of Court-Approved Maintenance - Applicant 2
N30,Await Valuation Report
D/40,Dummy 40
FST,PM Task