﻿PROGPNT,Final Broker Copy
A12,Please provide ${joint-applicant}'s expected rental income for the property you let. This could include a tenancy agreement or a bank statement evidencing rental income. Please upload and submit the document(s) through our Broker Portal.Please note submitted documents may take up 4 hours to be attached to your client's case
A29,Please provide ${applicant}'s last three months payslips. Please upload and submit the document(s) through our Broker Portal. Please note submitted documents may take up 4 hours to be attached to your client's case
A30,Please provide ${joint-applicant}'s last three months payslips. Please upload and submit the document(s) through our Broker Portal. Please note submitted documents may take up 4 hours to be attached to your client's case
A33,Please provide ${applicant}'s last three months bank statements for current account showing your salary credits. Please upload and submit the document(s) through our Broker Portal. Please note submitted documents may take up 4 hours to be attached to your client's case
A34,Please provide ${joint-applicant}'s last three months bank statements for current account showing your salary credits. Please upload and submit the document(s) through our Broker Portal. Please note submitted documents may take up 4 hours to be attached to your client's case
A3B,Please provide ${applicant}'s last three months business bank statements. Please upload and submit the document(s) through our Broker Portal. Please note submitted documents may take up 4 hours to be attached to your client's case
A41,Please provide ${applicant}'s Id. Please provide either a passport or a driving license and a bank statement or utility bill dated within last three months. Please upload and submit the document(s) through our Broker Portal. Please note submitted documents may take up 4 hours to be attached to your client's case
A42,Please provide ${joint-applicant}'s Id. Please provide either a passport or a driving license and a bank statement or utility bill dated within last three months. Please upload and submit the document(s) through our Broker Portal. Please note submitted documents may take up 4 hours to be attached to your client's case
A45,Please provide ${applicant}'s proof of address. Please upload and submit the document(s) through our Broker Portal. Please note submitted documents may take up 4 hours to be attached to your client's case
A46,Please provide ${joint-applicant}'s proof of address. Please upload and submit the document(s) through our Broker Portal. Please note submitted documents may take up 4 hours to be attached to your client's case
A50,Please provide ${joint-applicant}'s most recent P60. Please upload and submit the document(s) through our Broker Portal. Please note submitted documents may take up 4 hours to be attached to your client's case
A58,Please provide ${joint-applicant}'s employer reference. Please upload and submit the document(s) through our Broker Portal. Please note submitted documents may take up 4 hours to be attached to your client's case
A6T,Please provide ${joint-applicant}'s last two years P60. Please upload and submit the document(s) through our Broker Portal. Please note submitted documents may take up 4 hours to be attached to your client's case
A92,"Please provide confirmation of your client's solicitor details including contact name, address and contact details. Please upload and submit the document(s) through our Broker Portal. Please note submitted documents may take up 4 hours to be attached to your client's case"
AB2,Please provide ${joint-applicant}'s last three months business bank statements. Please upload and submit the document(s) through our Broker Portal. Please note submitted documents may take up 4 hours to be attached to your client's case
ABR,Please provide a Builders report to support the valuation of the property. Please upload and submit the document(s) through our Broker Portal. Please note submitted documents may take up 4 hours to be attached to your client's case
ABT,"Please provide a Buy To Let property schedule. This will include the property address, estimated value, rental income, outstanding mortgage balance, repayments and the lenders details for each property you let. Please upload and submit the document(s) through our Broker Portal. Please note submitted documents may take up 4 hours to be attached to your client's case"
ABU,Please provide a Builders report to support the valuation of the property. Please upload and submit the document(s) through our Broker Portal. Please note submitted documents may take up 4 hours to be attached to your client's case
AC2,Please provide ${joint-applicant}'s latest employment contract. Please upload and submit the document(s) through our Broker Portal. Please note submitted documents may take up 4 hours to be attached to your client's case
ACE,Please provide ${applicant}'s latest employment contract. Please upload and submit the document(s) through our Broker Portal. Please note submitted documents may take up 4 hours to be attached to your client's case
ACM,Please provide ${applicant}'s court-approved maintenance payments. Please upload and submit the document(s) through our Broker Portal. Please note submitted documents may take up 4 hours to be attached to your client's case
AD2,Please provide ${joint-applicant}'s last three years deferred award. This will be from your employer detailing the value of any deferred bonus and the date of its receipt. Please upload and submit the document(s) through our Broker Portal. Please note submitted documents may take up 4 hours to be attached to your client's case
ADF,Please provide ${applicant}'s last three years deferred award. This will be from your employer detailing the value of any deferred bonus and the date of its receipt. Please upload and submit the document(s) through our Broker Portal. Please note submitted documents may take up 4 hours to be attached to your client's case
ADM,Please provide a Damp report to support the valuation of the property. Please upload and submit the document(s) through our Broker Portal. Please note submitted documents may take up 4 hours to be attached to your client's case
ADR,Please provide a Drains report to support the valuation of the property. Please upload and submit the document(s) through our Broker Portal. Please note submitted documents may take up 4 hours to be attached to your client's case
AE2,"Please provide ${joint-applicant}'s costing for planned home improvement. For example, a quotation for the work to be completed. Please upload and submit the document(s) through our Broker Portal. Please note submitted documents may take up 4 hours to be attached to your client's case"
AEH,"Please provide ${applicant}'s costing for planned home improvement. For example, a quotation for the work to be completed. Please upload and submit the document(s) through our Broker Portal. Please note submitted documents may take up 4 hours to be attached to your client's case"
AM2,Please provide ${joint-applicant}'s court-approved maintenance payments. Please upload and submit the document(s) through our Broker Portal. Please note submitted documents may take up 4 hours to be attached to your client's case
AMI,Please provide a Mining report to support the valuation of the property. Please upload and submit the document(s) through our Broker Portal. Please note submitted documents may take up 4 hours to be attached to your client's case
AMR,Please provide a Mining report to support the valuation of the property. Please upload and submit the document(s) through our Broker Portal. Please note submitted documents may take up 4 hours to be attached to your client's case
AN2,"Please provide ${joint-applicant}'s additional non borrowed funds. This could include a bank statement confirming your savings, a share portfolio statement or an other asset. Please upload and submit the document(s) through our Broker Portal. Please note submitted documents may take up 4 hours to be attached to your client's case"
ANB,"Please provide ${applicant}'s additional non borrowed funds. This could include a bank statement confirming your savings, a share portfolio statement or an other asset. Please upload and submit the document(s) through our Broker Portal. Please note submitted documents may take up 4 hours to be attached to your client's case"
AP2,Please provide ${joint-applicant}'s total remuneration package. This will be a letter from your employer. Please upload and submit the document(s) through our Broker Portal. Please note submitted documents may take up 4 hours to be attached to your client's case
AP6,Please provide ${applicant}'s last two years P60. Please upload and submit the document(s) through our Broker Portal. Please note submitted documents may take up 4 hours to be attached to your client's case
APD,Please provide confirmation on your client's deposit. Please upload and submit the document(s) through our Broker Portal. Please note submitted documents may take up 4 hours to be attached to your client's case
ARD,Please provide a Drains report to support the valuation of the property. Please upload and submit the document(s) through our Broker Portal. Please note submitted documents may take up 4 hours to be attached to your client's case
ARE,Please provide ${applicant}'s expected rental income for the property you let. This could include a tenancy agreement or a bank statement evidencing rental income. Please upload and submit the document(s) through our Broker Portal. Please note submitted documents may take up 4 hours to be attached to your client's case
ARO,We require a certificate of title from your solicitor. This document confirms expected completion date to request release of your mortgage in advance. We will contact you once we receive the document
ARP,Please provide ${applicant}'s total remuneration package. This will be a letter from your employer. Please upload and submit the document(s) through our Broker Portal. Please note submitted documents may take up 4 hours to be attached to your client's case
ART,Please provide a Tree report to support the valuation of the property. Please upload and submit the document(s) through our Broker Portal. Please note submitted documents may take up 4 hours to be attached to your client's case
ASC,Please provide a Structural report to support the valuation of the property. Please upload and submit the document(s) through our Broker Portal. Please note submitted documents may take up 4 hours to be attached to your client's case
ASP,Please provide sales particulars for the property you are purchasing. This will show how much you are purchasing the property for and whether the additional funds (if applied for) will cover the full amount. Please upload and submit the document(s) through our Broker Portal. Please note submitted documents may take up 4 hours to be attached to your client's case
ATB,Please provide a Timber report to support the valuation of the property. Please upload and submit the document(s) through our Broker Portal. Please note submitted documents may take up 4 hours to be attached to your client's case
ATE,Please provide a Tree report to support the valuation of the property. Please upload and submit the document(s) through our Broker Portal. Please note submitted documents may take up 4 hours to be attached to your client's case
ATR,Please provide a Timber report to support the valuation of the property. Please upload and submit the document(s) through our Broker Portal. Please note submitted documents may take up 4 hours to be attached to your client's case
AVR,The valuation has been instructed.We will use the details provided to organise the valuation.
AWP,"Please provide Evidence of Deposit. This could be in form of a Savings Bank statement, stock & share statement or gift of deposit letter. Please upload and submit the document(s) through our Broker Portal. Please note submitted documents may take up 4 hours to be attached to your client's case"
C34,Please provide a Electrical report to support the valuation of the property. Please upload and submit the document(s) through our Broker Portal. Please note submitted documents may take up 4 hours to be attached to your client's case
C35,Please provide a T.D.P report to support the valuation of the property. Please upload and submit the document(s) through our Broker Portal. Please note submitted documents may take up 4 hours to be attached to your client's case
C36,Please provide a Cavity Wall report to support the valuation of the property. Please upload and submit the document(s) through our Broker Portal. Please note submitted documents may take up 4 hours to be attached to your client's case
CCD,We've received notification from your solicitor that your completion has been delayed. We're currently awaiting an instruction on a new completion date.
DDO,Please provide a completed Direct Debit mandate form. Please upload and submit the document(s) through our Broker Portal. Please note submitted documents may take up 4 hours to be attached to your client's case
KY4,We have received your proof of ID. We will assess this and will contact you if we need any further information.
L07,Please provide ${applicant}'s last two years audited accounts detailing with your income. Please upload and submit the document(s) through our Broker Portal. Please note submitted documents may take up 4 hours to be attached to your client's case
L20,Please provide ${applicant}'s last two years SA302 tax returns from HMRC. Please upload and submit the document(s) through our Broker Portal. Please note submitted documents may take up 4 hours to be attached to your client's case
L27,Please provide ${joint-applicant}'s last two years audited accounts detailing with your income. Please upload and submit the document(s) through our Broker Portal. Please note submitted documents may take up 4 hours to be attached to your client's case
L28,Please provide ${joint-applicant}'s last two years SA302 tax returns from HMRC. Please upload and submit the document(s) through our Broker Portal. Please note submitted documents may take up 4 hours to be attached to your client's case
MRO,Please provide a Mining report to support the valuation of the property. Please upload and submit the document(s) through our Broker Portal. Please note submitted documents may take up 4 hours to be attached to your client's case
MRS,We have received your client's mining report to support the valuation of the property. This has been shared with the valuer to assess and we will contact you if any further information is required.
N/A,We are sorry but on this occasion we are unable to offer your client a mortgage. Your client's mortgage application has now been closed. Thank you for considering NatWest for your mortgage application. Case Tracking data will be visible for further 14 days.
N07,"Please provide ${applicant}'s additional income.This could include bank statements, payslips or other investment income. Please upload and submit the document(s) through our Broker Portal. Please note submitted documents may take up 4 hours to be attached to your client's case"
N16,Please provide ${applicant}'s employer reference. Please upload and submit the document(s) through our Broker Portal. Please note submitted documents may take up 4 hours to be attached to your client's case
N20,Please provide ${applicant}'s most recent P60. Please upload and submit the document(s) through our Broker Portal. Please note submitted documents may take up 4 hours to be attached to your client's case
N29,Please provide your client's new property details. Please upload and submit the document(s) through our Broker Portal. Please note submitted documents may take up 4 hours to be attached to your client's case
N33,"Please provide ${applicant}'s repayment strategy.This could include a statement evidencing savings, a pension or other investment plan. Please upload and submit the document(s) through our Broker Portal. Please note submitted documents may take up 4 hours to be attached to your client's case"
N59,We require details of the incentive schemes your client is entitled to from the builder via the valuer. We will be in touch with you once this has been received.
N60,Please arrange payment of your client's application fees. Please phone us on 0345 600 0205.
N62,Please provide ${applicant}'s household occupants details. Please upload and submit the document(s) through our Broker Portal. Please note submitted documents may take up 4 hours to be attached to your client's case
N64,Please provide the new product details your client requires. Please upload and submit this through our Broker Portal. Please note submitted documents may take up 4 hours to be attached to your client's case
N65,Please provide ${applicant}'s proof of debt consolidation. For example latest credit card/loans statement. Please upload and submit the document(s) through our Broker Portal. Please note submitted documents may take up 4 hours to be attached to your client's case
N66,"Please provide ${applicant}'s pension arrangements at retirement. This could include a bank statement confirming your savings, a share portfolio statement or an other investment plan. Please upload and submit the document(s) through our Broker Portal. Please note submitted documents may take up 4 hours to be attached to your client's case"
N70,Please provide the local authority right-to-buy certificate. Please upload and submit the document(s) through our Broker Portal. Please note submitted documents may take up 4 hours to be attached to your client's case
N71,Please provide ${applicant}'s right to reside in the UK. This could include a copy of visa or letter from the Home Office. Please upload and submit the document(s) through our Broker Portal. Please note submitted documents may take up 4 hours to be attached to your client's case
N73,Please provide a Specialist report to support the valuation of the property. Please upload and submit the document(s) through our Broker Portal. Please note submitted documents may take up 4 hours to be attached to your client's case
N84,"Please provide evidence of ${joint-applicant}'s additional income. This could include bank statements, payslips or other investment income. Please provide this information as soon as possible."
N86,"Please provide ${joint-applicant}'s repayment strategy.This could include a statement evidencing savings, a pension or other investment plan. Please upload and submit the document(s) through our Broker Portal. Please note submitted documents may take up 4 hours to be attached to your client's case"
N87,Please provide ${joint-applicant}'s household occupants details. Please upload and submit the document(s) through our Broker Portal. Please note submitted documents may take up 4 hours to be attached to your client's case
N88,Please provide ${joint-applicant}'s proof of debt consolidation. For example latest credit card/loans statement. Please upload and submit the document(s) through our Broker Portal. Please note submitted documents may take up 4 hours to be attached to your client's case
N89,"Please provide ${joint-applicant}'s pension arrangements at retirement. This could include a bank statement confirming your savings, a share portfolio statement or an other investment plan. Please upload and submit the document(s) through our Broker Portal. Please note submitted documents may take up 4 hours to be attached to your client's case"
N90,Please provide ${joint-applicant}'s right to reside in the UK. This could include a copy of visa or letter from the Home Office. Please upload and submit the document(s) through our Broker Portal. Please note submitted documents may take up 4 hours to be attached to your client's case
P20,We have received your last two years SA302 tax returns from HMRC. We will assess this and will contact you if we need any further information.
QAP,We require you to call us to discuss your mortgage application. Please phone us on 0345 600 0205.
R11,We have received your bank statements. We will assess this and will contact you if we need any further information.
R15,We have received your Direct Debit mandate. We will assess this and will contact you if we need any further information.
R16,We have received your latest employer reference. We will assess this and will contact you if we need any further information.
R20,We have received your P60. We will assess this and will contact you if we need any further information.
R21,We have received your payslips. We will assess this and will contact you if we need any further information.
RET,Funds have been returned from your client's solicitor due to your completion being delayed. We are awaiting a new completion date from your client's solicitor.
SBR,We have received your client's builders report to support the valuation of the property. This has been shared with the valuer to assess and we will contact you if any further information is required.
SBU,We have received your client's Builders report to support the valuation of the property. This has been shared with the valuer to assess and we will contact you if any further information is required.
SCC,Your client's application has now completed and the funds have been released to your client's solicitor. Many thanks for choosing NatWest as your mortgage provider.
SCK,We are pleased to advise that we have received the mortgage completion date from your client's solicitor.
SDA,We have received your client's Damp report to support the valuation of the property. This has been shared with the valuer to assess and we will contact you if any further information is required.
SDR,We have received your client's Drains report to support the valuation of the property. This has been shared with the valuer to assess and we will contact you if any further information is required.
SMI,We have received your client's Mining report to support the valuation of the property. This has been shared with the valuer to assess and we will contact you if any further information is required.
SMR,We have received your client's Mining report to support the valuation of the property. This has been shared with the valuer to assess and we will contact you if any further information is required.
SMS,We have received your information. We are currently reviewing your application and will contact you if we need any further information
SRB,We have received your client's Drains report to support the valuation of the property. This has been shared with the valuer to assess and we will contact you if any further information is required.
SRD,We have received your client's Damp report to support the valuation of the property. This has been shared with the valuer to assess and we will contact you if any further information is required.
SRI,We have received your client's Re-inspection report to support the valuation of the property. This has been shared with the valuer to assess and we will contact you if any further information is required.
SRP,We have received the certificate of title from your client's solicitor confirming your completion date. If we need further information we will contact them
SRT,We have received your client's Tree report to support the valuation of the property. This has been shared with the valuer to assess and we will contact you if any further information is required.
STB,We have received your client's Timber report to support the valuation of the property. This has been shared with the valuer to assess and we will contact you if any further information is required.
STI,We have received your client's Timber report to support the valuation of the property. This has been shared with the valuer to assess and we will contact you if any further information is required.
STR,We have received your client's Tree report to support the valuation of the property. This has been shared with the valuer to assess and we will contact you if any further information is required.
SVR,We have received your client's valuation report. We will assess this and will contact you if we need any further information.
T21,We are pleased to inform you that your mortgage application has been approved and we are in the process of issuing your client's formal mortgage offer.
T76,Your client's mortgage application has now been closed. Thank you for considering NatWest for your mortgage application. Case Tracking data will be visible for further 14 days.
T85,We are sorry but on this occasion we are currently unable to offer your client a mortgage. You will have received a phone call or email with more information around this decision. Thank you for considering NatWest for your mortgage application. Case Tracking data will be visible for further 14 days.
V04,Please provide a Structural engineers report to support the valuation of the property. Please upload and submit the document(s) through our Broker Portal. Please note submitted documents may take up 4 hours to be attached to your client's case
V05,Please provide a Mundic report/concrete test to support the valuation of the property. Please upload and submit the document(s) through our Broker Portal. Please note submitted documents may take up 4 hours to be attached to your client's case
Y01,Please provide ${applicant}'s signature on the form supplied. Please upload and submit the document(s) through our Broker Portal. Please note submitted documents may take up 4 hours to be attached to your client's case
Y02,Please provide ${joint-applicant}'s signature on the form supplied. Please upload and submit the document(s) through our Broker Portal. Please note submitted documents may take up 4 hours to be attached to your client's case
Y03,Please provide details for the purpose of the additional borrowing. Please upload and submit the document(s) through our Broker Portal. Please note submitted documents may take up 4 hours to be attached to your client's case
Y04,Please provide confirmation on the name of the valuers who carried out the valuation and the date it was carried out. Please upload and submit the document(s) through our Broker Portal. Please note submitted documents may take up 4 hours to be attached to your client's case
Y07,Please provide ${applicant}'s authority to approach the Inland Revenue. We have posted a form to complete and return back to us. Please upload and submit the document(s) through our Broker Portal. Please note submitted documents may take up 4 hours to be attached to your client's case
Y08,Please provide ${joint-applicant}'s authority to approach the Inland Revenue. We have posted a form to complete and return back to us. Please upload and submit the document(s) through our Broker Portal. Please note submitted documents may take up 4 hours to be attached to your client's case
Y09,Please provide ${applicant}'s previous employers name and length of service. Please upload and submit the document(s) through our Broker Portal. Please note submitted documents may take up 4 hours to be attached to your client's case
Y10,Please provide ${joint-applicant}'s previous employers name and length of service. Please upload and submit the document(s) through our Broker Portal. Please note submitted documents may take up 4 hours to be attached to your client's case
Y11,Please provide details of the incentive schemes from the property builder via the valuer. Please upload and submit the document(s) through our Broker Portal. Please note submitted documents may take up 4 hours to be attached to your client's case
Y12,Please provide ${applicant}'s full legal name confirmation. Please upload and submit the document(s) through our Broker Portal. Please note submitted documents may take up 4 hours to be attached to your client's case
Y13,Please provide ${joint-applicant}'s full legal name confirmation. Please upload and submit the document(s) through our Broker Portal. Please note submitted documents may take up 4 hours to be attached to your client's case
Y14,Please provide name and the contact details of selling agents firm. Please upload and submit the document(s) through our Broker Portal. Please note submitted documents may take up 4 hours to be attached to your client's case
Y15,Please provide details of residential mortgage repayments so that we can fully assess the expenditure. Please upload and submit the document(s) through our Broker Portal. Please note submitted documents may take up 4 hours to be attached to your client's case
Y16,Please provide ${applicant}'s last 12 months income proof from their accountant.The letter from the accountant should be on headed paper and confirm the qualifications of the accountant. Please upload and submit the document(s) through our Broker Portal. Please note submitted documents may take up 4 hours to be attached to your client's case
Y17,Please provide ${joint-applicant}'s last 12 months income proof from their accountant.The letter from the accountant should be on headed paper and confirm the qualifications of the accountant. Please upload and submit the document(s) through our Broker Portal. Please note submitted documents may take up 4 hours to be attached to your client's case
Y18,Please provide ${applicant}'s confirmation on retirement age. Please upload and submit the document(s) through our Broker Portal. Please note submitted documents may take up 4 hours to be attached to your client's case
Y19,Please provide ${joint-applicant}'s confirmation on retirement age. Please upload and submit the document(s) through our Broker Portal. Please note submitted documents may take up 4 hours to be attached to your client's case
DEF,No Description Available
F/C,We are currently reviewing your application and will contact you if we need any further information
N30,The valuation has been instructed. We will use the details provided to organise the valuation.
SV2,We have received your client's valuation report. We will assess this and will contact you if we need any further information.
R30,We have received your client's valuation report. We will assess this and will contact you if we need any further information.
D/40,We are pleased to let you know we have emailed your client with instructions on how to digitally accept their product switch.
D/67,Your client's product switch has been successful and there is nothing else for you to do. We will write to your client within 3 days of their new rate starting to confirm their new mortgage payment.
D/80,Your client's product switch is now complete.
D/85,Your client's product switch has been cancelled.
D/90,Your client's product switch has been cancelled.
R29,We have received your client's new property details we will contact you if we need any further information.
DR2,We have received your client's new property details we will contact you if we need any further information.
AEC,We have received the certificate of title from your client's solicitor confirming the completion date. If we need further information we will contact them.
FNE,We are completing the final checks before sending the funds to your client's solicitor if we need any further information we will contact them.
COT,Your client's application has now completed and the funds have been released to your client's solicitor. Many thanks for choosing NatWest as your mortgage provider.
SRM,We have received the certificate of title from your client's solicitor confirming the completion date. If we need further information we will contact you.
SCM,We are completing the final checks before sending the funds to your client's solicitor if we need any further information we will contact them.
T23,Thank you for contacting NatWest via a call. We are looking into your request and will aim to update you in next one working day.
T24,Thank you for contacting NatWest via a call. We are looking into your request and will aim to update you in next two working days.
T25,Thank you for contacting NatWest via a call. We are looking into your request and will aim to update you in next three working days.