﻿STATUS,DESCRIPTION
AMBER,${milestoneName} is in progress
GREEN,${milestoneName} is completed
RED,Your client's application has been declined / cancelled
GREY,${milestoneName} is not started
Action required,Action is required
No Action required,No action is required
Completion,Application is completed
AssessmentAndValuation,Assessment + Valuation
Decline,Declined/Cancelled
SubStatusDeclined,Application is declined
SubStatusCancelled,Application is cancelled
ProductSwitchCancelled,Your client's application has been cancelled