﻿TASKCODE,TASKDESC
R21,Assess Payslips
R16,Assess Employer Contract
SMS,Assess Other Letter
P20,Assess Last 2 Years' SA302s
R11,Assess Bank Statements
R20,Assess P60
KY4,Assess KYC Document
R15,Assess Direct Debit Mandate
SVR,Assess Valuation Report
SRP,Assess Certificate of Title
SRD,Assess Damp Report Pre offer
SRT,Assess Tree Report Pre offer
SRB,Assess Drains Report Pre offer
SMR,Assess Mining Report Pre offer
STB,Assess Timber Report Pre offer
SBR,Assess Builders Report Pre offer
STI,Assess Timber Report Post offer
SDA,Assess Damp Report Post offer
SMI,Assess Mining Report Post offer
SDR,Assess Drains Report Post offer
SBU,Assess Builders Report Post offer
STR,Assess Tree Report Post offer
SRI,Assess Re Inspection Report
MRS,Mining Report Satisfactory
T76,Wish to cancel entire application
T85,Decline (appeal available)
T21,Issue Offer
SCK,"All checks completed, funds ready for release"
SCC,Funds Released
RET,Funds Returned
N/A,Full Decline (Appeal not available)
F/C,Future Completion
SV2,Assess Valuation Report
R30,Assess Valuation Report
D/67,Dummy 67
D/80,Dummy 80
D/85,Dummy 85
D/90,Dummy 90
R29,Assess New Property Details
DR2,New Property Details
AEC,Assess E-Certificate of Title
FNE,ECOT Assess Prior To Funds Rel
SRM,Assess ECOT Manually
SCM,ECOT Comps 2nd Check
T23,Telephone Message - 24hrs
T24,Telephone Message - 48hrs
T25,Telephone Message more than 48hrs