STAGENO,STGDESC,Broker Status - Coord API,Broker Status Message - Coord API
00,Illustration In Progress,NA,NA
02,Illustration Entered,NA,NA
05,Application In Progress,NA,NA
10,Capture Application,NA,NA
15,Incomplete Application,NA,NA
18,Offshore Sanctioning,Assessment,Your application is at Assessment
20,Application Submitted,Assessment,Your application is at Assessment
22,Holding Stage,Assessment,Your application is at Assessment
24,Lost Property,Assessment,Your application is at Assessment
25,Assess References,Assessment,Your application is at Assessment
28,Re-Offer,Offer,Your application is at Offer
30,Prepare Offer,Valuation,Your application is at Valuation
34,Valuation & Offers Team Check,Offer,Your application is at Offer
36,Issue Offer,Offer,Your application is at Offer
40,Post Offer,Completion,Your application is at Completion
50,Ready For Funds Release,Completion,Your application is at Completion
60,Awaiting Conf. Of Completion,Completion,Your application is at Completion
67,Future Completion,Completion,Your application is at Completion
70,Advanced,Completion,Your application is at Completion
80,Completed,Completion,Your application is at Completion
84,Mortgage Operations Dcline,Declined/Cancelled,Your application is Declined / Cancelled
85,Declined,Declined/Cancelled,Your application is Declined / Cancelled
90,Refused Application,Declined/Cancelled,Your application is Declined / Cancelled
92,Returned Funds,Completion,Your application is at Completion
95,Case Transferred To Mainframe,NA,NA