{
  "type": "java [archetype]",
  "builds": [
    {
      "build_name": "Build Artifact",
      "parameters": {
        "env.JAVA_HOME": "%env.JAVA_8_HOME%",
        "extra.maven.parameters": "-Pdist-classifier"
      }
    },
    {
      "build_name": "release",
      "parameters": {
        "env.JAVA_HOME": "%env.JAVA_8_HOME%",
        "extra.maven.parameters": "-Pdist-classifier"
      }
    },
    {
      "build_name": "PCF Deploy",
      "parameters": {
        "env.JAVA_HOME": "%env.JAVA_8_HOME%",
        "maven.project.artifactId": "ui-coord-broker-dashboard",
        "dws.app.name": "v1-ui-coord-broker-dashboard"
      }
    }

  ]
}
