{
  "type": "java [archetype]",
  "sub_types": [
    "integration"
  ],
  "builds": [
    {
      "build_name": "Build Artifact",
      "parameters": {
        "env.JAVA_HOME": "%env.JAVA_8_HOME%",
        "extra.maven.parameters": "-Pdist-classifier"
      }
    },
    {
      "build_name": "release",
      "parameters": {
        "env.JAVA_HOME": "%env.JAVA_8_HOME%",
        "extra.maven.parameters": "-Pdist-classifier"
      }
    },
    {
      "build_name": "integration",
      "parameters": {
        "env.JAVA_HOME": "%env.JAVA_8_HOME%"
      }
    },
    {
      "build_name": "PCF Deploy",
      "parameters": {
        "env.JAVA_HOME": "%env.JAVA_8_HOME%",
        "maven.project.artifactId": "ui-coord-broker-auth",
        "dws.app.name": "v1-ui-coord-broker-auth"
      }
    }
  ]
}