<?xml version="1.0" encoding="UTF-8"?>
<settings xmlns:xsi="http://www.w3.org/2001/XMLSchema-instance"
          xmlns="http://maven.apache.org/SETTINGS/1.0.0"
          xsi:schemaLocation="http://maven.apache.org/SETTINGS/1.0.0 http://maven.apache.org/xsd/settings-1.0.0.xsd">

    <localRepository>./local_repository/</localRepository>

    <mirrors>
        <mirror>
            <id>dws-all-fallback-zambezi-mirror</id>
            <name>Agile Markets Artifactory</name>
            <url>https://artifactory.server.rbsgrp.net/artifactory/dws-all-repos</url>
            <mirrorOf>*,!zambezi-all-repos</mirrorOf>
        </mirror>
    </mirrors>

    <servers>
        <server>
            <id>releases</id>
            <username>${env.ARTIFACTORY_USER}</username>
            <password>${env.ARTIFACTORY_PWD}</password>
        </server>
        <server>
            <id>snapshots</id>
            <username>${env.ARTIFACTORY_USER}</username>
            <password>${env.ARTIFACTORY_PWD}</password>
        </server>
    </servers>

    <profiles>
        <profile>
            <id>artifactory</id>
            <repositories>
                <repository>
                    <id>dws-all-repos</id>
                    <name>dws-all-repos</name>
                    <url>https://artifactory.server.rbsgrp.net/artifactory/dws-all-repos</url>
                    <layout>default</layout>
                    <releases>
                        <enabled>true</enabled>
                        <updatePolicy>daily</updatePolicy>
                        <checksumPolicy>fail</checksumPolicy>
                    </releases>
                    <snapshots>
                        <enabled>true</enabled>
                        <updatePolicy>always</updatePolicy>
                        <checksumPolicy>fail</checksumPolicy>
                    </snapshots>
                </repository>
                <repository>
                    <id>zambezi-all-repos</id>
                    <name>zambezi-all-repos</name>
                    <url>https://artifactory-1.dts.fm.rbsgrp.net/artifactory/agilemarkets-all-repos</url>
                    <layout>default</layout>
                    <releases>
                        <enabled>true</enabled>
                        <updatePolicy>daily</updatePolicy>
                        <checksumPolicy>fail</checksumPolicy>
                    </releases>
                    <snapshots>
                        <enabled>true</enabled>
                        <updatePolicy>always</updatePolicy>
                        <checksumPolicy>fail</checksumPolicy>
                    </snapshots>
                </repository>
            </repositories>

            <pluginRepositories>
                <pluginRepository>
                    <id>dws-all-repos</id>
                    <name>dws-all-repos</name>
                    <url>https://artifactory.server.rbsgrp.net/artifactory/dws-all-repos</url>
                    <layout>default</layout>
                    <releases>
                        <enabled>true</enabled>
                        <updatePolicy>daily</updatePolicy>
                        <checksumPolicy>fail</checksumPolicy>
                    </releases>
                    <snapshots>
                        <enabled>true</enabled>
                        <updatePolicy>always</updatePolicy>
                        <checksumPolicy>fail</checksumPolicy>
                    </snapshots>
                </pluginRepository>
                <pluginRepository>
                    <id>zambezi-all-repos</id>
                    <name>zambezi-all-repos</name>
                    <url>https://artifactory-1.dts.fm.rbsgrp.net/artifactory/agilemarkets-all-repos</url>
                    <layout>default</layout>
                    <releases>
                        <enabled>true</enabled>
                        <updatePolicy>daily</updatePolicy>
                        <checksumPolicy>fail</checksumPolicy>
                    </releases>
                    <snapshots>
                        <enabled>true</enabled>
                        <updatePolicy>always</updatePolicy>
                        <checksumPolicy>fail</checksumPolicy>
                    </snapshots>
                </pluginRepository>
            </pluginRepositories>
        </profile>
    </profiles>

    <activeProfiles>
        <activeProfile>artifactory</activeProfile>
    </activeProfiles>

</settings>
