{
  "openapi": "3.0.1",
  "info": {
    "title": "Core DIP Service",
    "description": "Core Decision In Principle API.  <a href=\"https://bitbucket.web.banksvcs.net/projects/PBBDHB/repos/core-decision-in-principle/browse/CHANGELOG.md\" target=\"_blank\">Open CHANGELOG</a>",
    "version": "v2"
  },
  "servers": [
    {
      "url": "https://v2-core-decision-in-principle-dev.edi02-apps.dev-pcf.lb4.rbsgrp.net",
      "description": "Generated server url"
    }
  ],
  "paths": {
    "/mortgages/v2/decision-in-principle": {
      "post": {
        "tags": [
          "DIP"
        ],
        "summary": "Perform DIP",
        "operationId": "aipCheck",
        "parameters": [
          {
            "name": "client_id",
            "in": "header",
            "required": true,
            "schema": {
              "type": "string"
            }
          },
          {
            "name": "brand",
            "in": "header",
            "required": true,
            "schema": {
              "pattern": "(RBS|rbs|nwb|NWB)",
              "type": "string"
            }
          }
        ],
        "requestBody": {
          "content": {
            "application/json": {
              "schema": {
                "$ref": "#/components/schemas/Application"
              }
            }
          },
          "required": true
        },
        "responses": {
          "200": {
            "description": "Success",
            "content": {
              "application/json": {
                "schema": {
                  "$ref": "#/components/schemas/AipResponse"
                }
              }
            }
          },
          "400": {
            "description": "Bad Request"
          },
          "401": {
            "description": "Not Authorised"
          },
          "403": {
            "description": "Forbidden"
          },
          "404": {
            "description": "Resource not found"
          },
          "422": {
            "description": "Unprocessable Entity"
          },
          "500": {
            "description": "Internal Server Error"
          }
        }
      }
    },
    "/mortgages/v2/decision-in-principle/{dipId}": {
      "get": {
        "tags": [
          "DIP Retrieval API"
        ],
        "summary": "Retrieve DIP request and response based on dip id",
        "operationId": "getResponseByDipId",
        "parameters": [
          {
            "name": "dipId",
            "in": "path",
            "required": true,
            "schema": {
              "type": "string"
            }
          },
          {
            "name": "brand",
            "in": "header",
            "required": true,
            "schema": {
              "pattern": "(RBS|rbs|nwb|NWB)",
              "type": "string"
            }
          }
        ],
        "responses": {
          "200": {
            "description": "Success",
            "content": {
              "application/json": {
                "schema": {
                  "$ref": "#/components/schemas/DipData"
                }
              }
            }
          },
          "400": {
            "description": "Bad Request"
          },
          "401": {
            "description": "Not Authorised"
          },
          "403": {
            "description": "Forbidden"
          },
          "404": {
            "description": "Resource not found"
          },
          "422": {
            "description": "UnProcessable Entity"
          },
          "500": {
            "description": "Internal Server Error"
          }
        }
      }
    },
    "/mortgages/v2/decision-in-principle/uuid/{uuid}": {
      "get": {
        "tags": [
          "DIP Retrieval by UUID API"
        ],
        "summary": "Retrieve DIP response based on uuid",
        "operationId": "getDecisionInPrincipleByUUID",
        "parameters": [
          {
            "name": "uuid",
            "in": "path",
            "required": true,
            "schema": {
              "type": "string",
              "format": "uuid"
            }
          }
        ],
        "responses": {
          "200": {
            "description": "Success",
            "content": {
              "application/json": {
                "schema": {
                  "$ref": "#/components/schemas/DecisionResponse"
                }
              }
            }
          },
          "400": {
            "description": "Bad Request"
          },
          "401": {
            "description": "Not Authorised"
          },
          "403": {
            "description": "Forbidden"
          },
          "404": {
            "description": "Resource not found"
          },
          "422": {
            "description": "Unprocessable Entity"
          },
          "500": {
            "description": "Internal Server Error"
          }
        }
      }
    },
    "/mortgages/v2/decision-in-principle/document/{dipId}": {
      "get": {
        "tags": [
          "DIP Document Retrieval API"
        ],
        "summary": "Retrieve DIP document based on dipId",
        "operationId": "getDIPDocumentByDipId",
        "parameters": [
          {
            "name": "dipId",
            "in": "path",
            "required": true,
            "schema": {
              "type": "string"
            }
          },
          {
            "name": "dateOfBirth",
            "in": "query",
            "required": false,
            "schema": {
              "type": "string",
              "description": "Date of Birth of Primary Applicant",
              "format": "date",
              "example": "1995-01-30"
            }
          },
          {
            "name": "client_id",
            "in": "header",
            "required": true,
            "schema": {
              "type": "string"
            }
          },
          {
            "name": "brand",
            "in": "header",
            "required": true,
            "schema": {
              "pattern": "(RBS|rbs|nwb|NWB)",
              "type": "string"
            }
          }
        ],
        "responses": {
          "200": {
            "description": "Success",
            "content": {
              "application/pdf": {}
            }
          },
          "400": {
            "description": "Bad Request"
          },
          "401": {
            "description": "Not Authorised"
          },
          "403": {
            "description": "Forbidden"
          },
          "404": {
            "description": "Resource not found"
          },
          "422": {
            "description": "Unprocessable Entity"
          },
          "500": {
            "description": "Internal Server Error"
          }
        }
      }
    }
  },
  "components": {
    "schemas": {
      "AdditionalDetails": {
        "type": "object",
        "properties": {
          "shortestTerminMonths": {
            "type": "integer",
            "format": "int32",
            "example": 21
          },
          "maximumAllowableLoan": {
            "type": "integer",
            "format": "int32",
            "example": 1297445
          },
          "loanToValue": {
            "type": "number",
            "example": 66.77
          },
          "excessIncome": {
            "type": "integer",
            "format": "int32",
            "example": 8976
          },
          "podScoreBand": {
            "type": "string",
            "example": "B"
          },
          "postRetirement": {
            "$ref": "#/components/schemas/ScoringPostRetirement"
          }
        }
      },
      "AipResponse": {
        "type": "object",
        "properties": {
          "decisionUniqueId": {
            "type": "string",
            "example": "2023031302325"
          },
          "dipId": {
            "type": "string",
            "example": "F2020303940"
          },
          "decision": {
            "type": "string",
            "example": "ACCEPT"
          },
          "podDecision": {
            "type": "string",
            "example": "C"
          },
          "policyMessages": {
            "type": "array",
            "items": {
              "$ref": "#/components/schemas/Policy"
            }
          },
          "additionalDetails": {
            "$ref": "#/components/schemas/AdditionalDetails"
          },
          "packaging": {
            "$ref": "#/components/schemas/Packaging"
          },
          "applicants": {
            "type": "array",
            "items": {
              "$ref": "#/components/schemas/ApplicantCinResponse"
            }
          }
        }
      },
      "ApplicantCinResponse": {
        "type": "object",
        "properties": {
          "cin": {
            "type": "string",
            "example": "1234567"
          },
          "firstName": {
            "type": "string",
            "example": "John"
          },
          "lastName": {
            "type": "string",
            "example": "Smith"
          },
          "dateOfBirth": {
            "type": "string",
            "example": "2000-01-01"
          }
        }
      },
      "Packaging": {
        "type": "object",
        "properties": {
          "app1PaySlipsReq": {
            "type": "string",
            "example": "1"
          },
          "app1BankStmntsReq": {
            "type": "string",
            "example": "1"
          },
          "app2PaySlipsReq": {
            "type": "string",
            "example": "3"
          },
          "app2BankStmntsReq": {
            "type": "string",
            "example": "3"
          },
          "app1AccountsReq": {
            "type": "string",
            "example": "1"
          },
          "app1TaxCalc": {
            "type": "string",
            "example": "1"
          },
          "app1PerAndBusBankStmntsReq": {
            "type": "string",
            "example": "1"
          },
          "app2AccountsReq": {
            "type": "string",
            "example": "1"
          },
          "app2TaxCalc": {
            "type": "string",
            "example": "1"
          },
          "app2PerAndBusBankStmntsReq": {
            "type": "string",
            "example": "1"
          }
        }
      },
      "Policy": {
        "type": "object",
        "properties": {
          "message": {
            "type": "string",
            "example": "maximum lend of $250"
          },
          "code": {
            "type": "string",
            "example": "W018"
          }
        }
      },
      "ScoringPostRetirement": {
        "type": "object",
        "properties": {
          "grossTotalAnnualIncome": {
            "type": "number"
          },
          "netTotalAnnualIncome": {
            "type": "number"
          }
        }
      },
      "Address": {
        "required": [
          "isCurrentAddress",
          "occupyStatus",
          "startMonth",
          "startYear",
          "street",
          "town",
          "ukAddress"
        ],
        "type": "object",
        "properties": {
          "isCurrentAddress": {
            "type": "boolean",
            "example": false,
            "enum": [
              true,
              false
            ]
          },
          "ukAddress": {
            "type": "boolean",
            "example": false,
            "enum": [
              true,
              false
            ]
          },
          "flat": {
            "maxLength": 10,
            "type": "string",
            "description": "One of flat or houseName or houseNumber is required"
          },
          "houseName": {
            "maxLength": 22,
            "type": "string",
            "description": "One of flat or  houseName or houseNumber is required"
          },
          "houseNumber": {
            "maxLength": 5,
            "type": "string",
            "description": "One of flat or houseName or houseNumber is required"
          },
          "postcode": {
            "type": "string",
            "description": "Required if ukAddress = true, max length for uk address is 8 and 12 for others",
            "example": "CB6 1AN"
          },
          "street": {
            "maxLength": 30,
            "type": "string",
            "example": "regent street"
          },
          "district": {
            "maxLength": 30,
            "type": "string",
            "example": "redbridge"
          },
          "town": {
            "maxLength": 28,
            "type": "string"
          },
          "county": {
            "maxLength": 18,
            "type": "string",
            "example": "essex"
          },
          "countryIsoCode": {
            "maxLength": 2,
            "type": "string",
            "description": "(ISO 3166-1, Alpha-2 code),Required if ukAddress = false",
            "example": "GB"
          },
          "occupyStatus": {
            "type": "string",
            "enum": [
              "OWNER_MORTGAGED",
              "OWNER_NO_MORTGAGE",
              "TENANT",
              "OTHER",
              "LIVING_WITH_RELATIVES"
            ]
          },
          "startMonth": {
            "maximum": 12,
            "minimum": 1,
            "type": "string",
            "example": "6"
          },
          "startYear": {
            "minimum": 1900,
            "type": "string",
            "description": "Start year cannot be less than 1900 or future year",
            "example": "2010"
          }
        }
      },
      "Applicant": {
        "required": [
          "addresses",
          "creditHistory",
          "personalDetails",
          "workStatus"
        ],
        "type": "object",
        "properties": {
          "personalDetails": {
            "$ref": "#/components/schemas/PersonalDetails"
          },
          "addresses": {
            "minItems": 1,
            "uniqueItems": true,
            "type": "array",
            "items": {
              "$ref": "#/components/schemas/Address"
            }
          },
          "workStatus": {
            "type": "string",
            "example": "WORKING",
            "enum": [
              "WORKING",
              "NOT_WORKING"
            ]
          },
          "intendedRetirementAge": {
            "type": "integer",
            "description": "Required if the workStatus = WORKING, Intended retirement age should be between 18 - 99 (inclusive)",
            "format": "int32",
            "example": 70
          },
          "employment": {
            "$ref": "#/components/schemas/Employment"
          },
          "otherIncomes": {
            "type": "array",
            "items": {
              "$ref": "#/components/schemas/OtherIncome"
            }
          },
          "existingMortgages": {
            "uniqueItems": true,
            "type": "array",
            "items": {
              "$ref": "#/components/schemas/ExistingMortgage"
            }
          },
          "creditCards": {
            "type": "array",
            "items": {
              "$ref": "#/components/schemas/CreditCard"
            }
          },
          "loans": {
            "type": "array",
            "items": {
              "$ref": "#/components/schemas/Loan"
            }
          },
          "financialCommitments": {
            "type": "array",
            "items": {
              "$ref": "#/components/schemas/FinancialCommitment"
            }
          },
          "mainBankDetails": {
            "$ref": "#/components/schemas/BankDetails"
          },
          "creditHistory": {
            "$ref": "#/components/schemas/CreditHistory"
          },
          "cin": {
            "type": "string",
            "description": "CIN size must be between 1-16"
          },
          "consentToDIP": {
            "type": "boolean",
            "example": false,
            "enum": [
              true,
              false
            ]
          }
        }
      },
      "ApplicantEmpPostRetirement": {
        "type": "object",
        "properties": {
          "lirMarker": {
            "type": "string",
            "example": "NOT_LIR",
            "enum": [
              "NOT_LIR",
              "LIR_MORE_THAN_TEN_YEARS",
              "LIR_EQUAL_OR_LESS_THAN_TEN_YEARS"
            ]
          },
          "regularAnnualincome": {
            "maxLength": 8,
            "type": "number"
          },
          "otherAnnualincome": {
            "maxLength": 8,
            "type": "number"
          }
        },
        "description": "Required if the lirMarker is LIR_EQUAL_OR_LESS_THAN_TEN_YEARS"
      },
      "Application": {
        "required": [
          "applicationType",
          "buyerType",
          "govtSharedEquityScheme",
          "loanPurpose"
        ],
        "type": "object",
        "properties": {
          "applicationType": {
            "type": "string",
            "example": "RESIDENTIAL",
            "enum": [
              "RESIDENTIAL",
              "PORTING",
              "FIRST_TIME_BUYER",
              "HOME_MOVER",
              "REMORTGAGE",
              "ADDITIONAL_BORROWING",
              "TERM_CHANGE",
              "REPAYMENT_TYPE_CHANGE",
              "TRANSFER_OF_TITLE",
              "TRANSFER_OF_TITLE_WITH_ADDITIONAL_BORROWING",
              "OFFSET_FACILITY_INCREASE",
              "BUY_TO_LET"
            ]
          },
          "racfId": {
            "pattern": "^[a-zA-Z0-9]*$",
            "type": "string",
            "description": "racfId should not be more than 8 characters"
          },
          "clickReference": {
            "type": "string",
            "description": "Click Reference should not be more than 100 characters"
          },
          "externalCampaignId": {
            "type": "string",
            "description": "External Campaign ID should not be more than 200 characters"
          },
          "internalCampaignId": {
            "type": "string",
            "description": "Internal Campaign ID should not be more than 200 characters"
          },
          "loanPurpose": {
            "type": "string",
            "enum": [
              "HOUSE_PURCHASE",
              "REMORTGAGE",
              "ADDITIONAL_BORROWING",
              "TERM_CHANGE",
              "REPAYMENT_TYPE_CHANGE",
              "TRANSFER_OF_TITLE",
              "TRANSFER_OF_TITLE_WITH_ADDITIONAL_BORROWING",
              "OFFSET_FACILITY_INCREASE"
            ]
          },
          "buyerType": {
            "type": "string",
            "enum": [
              "FIRST_TIME_BUYER",
              "NEW_CUSTOMER",
              "EXISTING_CUSTOMER"
            ]
          },
          "govtSharedEquityScheme": {
            "type": "boolean",
            "example": false,
            "enum": [
              true,
              false
            ]
          },
          "schemeType": {
            "type": "string",
            "description": "Required if Government shared equity scheme = True",
            "enum": [
              "HELP_TO_BUY",
              "OTHER"
            ]
          },
          "schemeName": {
            "type": "string",
            "description": "Required if Government shared equity scheme type is OTHER, schemeName can not be more than 50 characters"
          },
          "applicants": {
            "type": "array",
            "items": {
              "$ref": "#/components/schemas/Applicant"
            }
          },
          "mortgage": {
            "$ref": "#/components/schemas/Mortgage"
          },
          "broker": {
            "$ref": "#/components/schemas/Broker"
          },
          "mainResidence": {
            "type": "boolean",
            "description": "Required if Government shared equity scheme is True",
            "example": false,
            "enum": [
              true,
              false
            ]
          },
          "property": {
            "$ref": "#/components/schemas/Property"
          },
          "dipId": {
            "type": "string",
            "description": "dipId should be included for any subsequent submission"
          },
          "numberOfDependantsOver18": {
            "type": "integer",
            "format": "int32"
          },
          "numberOfDependantsUnder18": {
            "type": "integer",
            "format": "int32"
          },
          "postRetirement": {
            "$ref": "#/components/schemas/ApplicationPostRetirement"
          },
          "channel": {
            "type": "string",
            "enum": [
              "BRANCH",
              "INTERNET",
              "INTERMEDIARY_BROKER_API",
              "INTERMEDIARY_NAPOLI",
              "DIGITAL_ADBO"
            ]
          },
          "additionalBorrowing": {
            "$ref": "#/components/schemas/ApplicationAdditionalBorrowing"
          },
          "previousDipApplicationDate": {
            "type": "string",
            "description": "allows date after 2021-06-01",
            "example": "2000-01-01"
          },
          "toolkitApplicationMode": {
            "type": "string",
            "enum": [
              "APPLICATION",
              "INDICATION"
            ]
          },
          "bureauCall": {
            "type": "boolean",
            "example": false,
            "enum": [
              true,
              false
            ]
          },
          "bureauCallAndReporting": {
            "type": "boolean",
            "example": false,
            "enum": [
              true,
              false
            ]
          },
          "gmsReferenceNumber": {
            "pattern": "^[0-9]{8}$",
            "type": "string"
          },
          "cmsReferenceNumber": {
            "pattern": "^[0-9]{6}$",
            "type": "string"
          }
        },
        "description": "Decision in principle input"
      },
      "ApplicationAdditionalBorrowing": {
        "type": "object",
        "properties": {
          "termYears": {
            "maximum": 9999,
            "type": "integer",
            "format": "int32"
          },
          "termMonths": {
            "maximum": 99,
            "minimum": 0,
            "type": "integer",
            "format": "int32"
          },
          "repaymentVehicle": {
            "type": "boolean",
            "example": false,
            "enum": [
              true,
              false
            ]
          },
          "repaymentCurrentValue": {
            "type": "number",
            "description": "No decimal places"
          },
          "existMortgBf20Sep2015": {
            "type": "boolean",
            "example": false,
            "enum": [
              true,
              false
            ]
          },
          "details": {
            "uniqueItems": true,
            "type": "array",
            "items": {
              "$ref": "#/components/schemas/Details"
            }
          },
          "subAccounts": {
            "maxItems": 25,
            "minItems": 0,
            "uniqueItems": true,
            "type": "array",
            "items": {
              "$ref": "#/components/schemas/SubAccount"
            }
          }
        },
        "description": "Required if applicationType is ADDITIONAL_BORROWING"
      },
      "ApplicationPostRetirement": {
        "type": "object",
        "properties": {
          "numofapplicants": {
            "maxLength": 2,
            "type": "integer",
            "format": "int32"
          },
          "adultDependents": {
            "maxLength": 2,
            "type": "integer",
            "format": "int32"
          },
          "childDependents": {
            "maxLength": 2,
            "type": "integer",
            "format": "int32"
          }
        },
        "description": "Required if the lirMarker is LIR_EQUAL_OR_LESS_THAN_TEN_YEARS"
      },
      "BankDetails": {
        "required": [
          "bankName",
          "dateOpened",
          "debitCard"
        ],
        "type": "object",
        "properties": {
          "dateOpened": {
            "type": "string",
            "example": "2021-01-31"
          },
          "bankName": {
            "type": "string",
            "description": "Value should be NatWest, if the applicant bank with NatWest group"
          },
          "debitCard": {
            "type": "boolean",
            "example": false,
            "enum": [
              true,
              false
            ]
          },
          "sortCode": {
            "type": "string",
            "description": "Sort code should be NatWest group bank account sort code, if the applicant bank with NatWest group"
          },
          "accountNumber": {
            "type": "string",
            "description": "Account number should be NatWest group bank account number, if the applicant bank with NatWest group"
          }
        }
      },
      "Broker": {
        "type": "object",
        "properties": {
          "fcaNumber": {
            "maxLength": 7,
            "pattern": "[A-Za-z0-9]+",
            "type": "string",
            "description": "Must contain only Alphanumeric characters, fcaNumber allows max 7 characters",
            "example": "123456"
          },
          "firmName": {
            "maxLength": 256,
            "type": "string",
            "description": "firmName max should be 256 characters",
            "example": "FirmName"
          },
          "firmPostcode": {
            "maxLength": 8,
            "pattern": "^(([Gg][Ii][Rr] 0[Aa]{2})|((([A-Za-z][0-9]{1,2})|(([A-Za-z][A-Ha-hJ-Yj-y][0-9]{1,2})|(([A-Za-z][0-9][A-Za-z])|([A-Za-z][A-Ha-hJ-Yj-y][0-9]?[A-Za-z])))) [0-9][A-Za-z]{2}))$",
            "type": "string",
            "description": "Firm postcode maximum 8 characters",
            "example": "EC2R 8AH"
          },
          "brokerSurname": {
            "pattern": "^[A-Za-z0-9 .'-]{2,50}+$",
            "type": "string",
            "description": "Broker surname, maximum 50 characters",
            "example": "brokerSurname"
          },
          "brokerForeName": {
            "pattern": "^[A-Za-z0-9 .'-]{2,50}+$",
            "type": "string",
            "description": "Broker Forename, maximum 50 characters",
            "example": "brokerForeName"
          },
          "brokerPostcode": {
            "pattern": "^(([Gg][Ii][Rr] 0[Aa]{2})|((([A-Za-z][0-9]{1,2})|(([A-Za-z][A-Ha-hJ-Yj-y][0-9]{1,2})|(([A-Za-z][0-9][A-Za-z])|([A-Za-z][A-Ha-hJ-Yj-y][0-9]?[A-Za-z])))) [0-9][A-Za-z]{2}))$",
            "type": "string",
            "description": "Broker postcode maximum 8 characters",
            "example": "EC2R 8AH"
          },
          "brokerAddress": {
            "type": "string",
            "description": "Broker address maximum characters 499",
            "example": "Princess Street, London"
          },
          "brokerEmail": {
            "maxLength": 72,
            "pattern": "^[a-zA-Z0-9.!#$%&'*+/=?^_`{|}~-]+@[a-zA-Z0-9-]+(?:\\.[a-zA-Z0-9-]+)*$",
            "type": "string",
            "description": "Email address for Broker, maximum characters 72",
            "example": "brokerEmail"
          }
        }
      },
      "BuyToLet": {
        "required": [
          "icrTaxRate",
          "monthlyRentalIncome",
          "useLettingAgent"
        ],
        "type": "object",
        "properties": {
          "monthlyRentalIncome": {
            "maximum": 8000000,
            "minimum": 1,
            "type": "number",
            "description": "No decimal places",
            "example": 1000
          },
          "lettingAgentCost": {
            "maximum": 99999999,
            "minimum": 0,
            "type": "number",
            "description": "Required if buyToLet.useLettingAgent is true. No decimal places",
            "example": 4000
          },
          "useLettingAgent": {
            "type": "boolean",
            "example": true,
            "enum": [
              true,
              false
            ]
          },
          "icrTaxRate": {
            "type": "string",
            "example": "LOW",
            "enum": [
              "HIGH",
              "LOW"
            ]
          }
        },
        "description": "Required if applicationType is BUY_TO_LET"
      },
      "CreditCard": {
        "required": [
          "creditCardType",
          "toBeRepaid",
          "totalBalance"
        ],
        "type": "object",
        "properties": {
          "creditCardType": {
            "type": "string",
            "example": "CREDIT_CARD",
            "enum": [
              "CREDIT_CARD",
              "STORE_CARD"
            ]
          },
          "totalBalance": {
            "maximum": 99999999,
            "minimum": 0,
            "type": "number",
            "description": "No decimal places",
            "example": 1000
          },
          "toBeRepaid": {
            "type": "boolean",
            "example": false,
            "enum": [
              true,
              false
            ]
          },
          "debtConsolidation": {
            "type": "boolean",
            "example": false,
            "enum": [
              true,
              false
            ]
          },
          "partialRefinanced": {
            "maximum": 99999999,
            "minimum": 0,
            "type": "number",
            "description": "Required if debtConsolidation is TRUE and toBeRepaid is FALSE",
            "example": 1000
          }
        }
      },
      "CreditHistory": {
        "required": [
          "bankrupt",
          "courtProceedings"
        ],
        "type": "object",
        "properties": {
          "bankrupt": {
            "type": "boolean",
            "example": false,
            "enum": [
              true,
              false
            ]
          },
          "bankruptDetails": {
            "type": "string",
            "description": "Bankrupt details is required if bankrupt is TRUE"
          },
          "courtProceedings": {
            "type": "boolean",
            "example": false,
            "enum": [
              true,
              false
            ]
          },
          "courtProceedingDetails": {
            "type": "string",
            "description": "Court proceeding details is required if courtProceedings is TRUE"
          }
        }
      },
      "Details": {
        "type": "object",
        "properties": {
          "purpose": {
            "type": "string",
            "example": "HOME_IMPROVEMENT",
            "enum": [
              "HOME_IMPROVEMENT",
              "HOUSE_PURCHASE",
              "HOLIDAY",
              "BUY_NEW_OR_USED_CAR",
              "DEBT_CONSOLIDATION",
              "OTHER",
              "WEDDING",
              "GIFT",
              "BUY_OUT"
            ]
          },
          "amount": {
            "type": "number",
            "description": "No decimal places"
          }
        }
      },
      "Employment": {
        "required": [
          "employmentStatus",
          "occupationCode"
        ],
        "type": "object",
        "properties": {
          "employmentStatus": {
            "type": "string",
            "enum": [
              "EMPLOYED",
              "NOT_EMPLOYED",
              "SELF_EMPLOYED"
            ]
          },
          "employmentType": {
            "type": "string",
            "enum": [
              "PERMANENT",
              "CONTRACT",
              "TEMPORARY",
              "OTHER"
            ]
          },
          "occupationCode": {
            "type": "string",
            "enum": [
              "ACADEMIC_STAFF",
              "AGRICULTURAL_WORKERS_GENERAL",
              "FARM_MANAGEMENT_GENERAL",
              "HM_FORCES_OFFICERS",
              "HM_FORCES_OTHER_RANKS",
              "HOME_FAMILY_RESPONSIBILITIES",
              "JUNIOR_MANAGEMENT",
              "OFFICE_AND_CLERICAL",
              "PROFESSIONALS",
              "SALES",
              "SEMI_PROFESSIONALS",
              "SEMI_SKILLED",
              "TECHNICIANS",
              "SENIOR_MANAGEMENT",
              "SERVICE_JOBS",
              "SKILLED_MANUAL",
              "SUPERVISORY_FOREMAN",
              "TEACHERS",
              "UNEMPLOYED",
              "SELF_EMPLOYED",
              "STUDENT",
              "RETIRED",
              "MANUAL"
            ]
          },
          "industryType": {
            "type": "string",
            "enum": [
              "AGRICULTURE_HUNTING_FORESTRY",
              "FISHING",
              "MINING_AND_QUARRYING",
              "MANUFACTURING",
              "ELECTRICITY_GAS_WATER_SUPPLY",
              "CONSTRUCTION",
              "WHOLESALE_RETAIL_AND_REPAIR",
              "HOTELS_AND_RESTAURANTS",
              "TRANSPORT_STORAGE_COMM",
              "FINANCIAL_INTERMEDIATION",
              "PROPERTY_AND_BUSINESS",
              "PUBLIC_ADMIN_AND_DEFENCE",
              "EDUCATION",
              "HEALTH_AND_SOCIAL_WORK",
              "OFFICE_WORK_AND_ADMINISTRATION",
              "OTHER"
            ]
          },
          "startDate": {
            "type": "string",
            "example": "2010-01-01"
          },
          "incomes": {
            "type": "array",
            "items": {
              "$ref": "#/components/schemas/Income"
            }
          },
          "paymentFrequency": {
            "type": "string",
            "enum": [
              "ANNUALLY",
              "MONTHLY",
              "WEEKLY"
            ]
          },
          "selfEmployed": {
            "$ref": "#/components/schemas/SelfEmployed"
          },
          "postRetirement": {
            "$ref": "#/components/schemas/ApplicantEmpPostRetirement"
          }
        },
        "description": "Required if workStatus is WORKING"
      },
      "ExistingMortgage": {
        "required": [
          "monthlyRepaymentAmount",
          "redeemingMortgage"
        ],
        "type": "object",
        "properties": {
          "type": {
            "type": "string",
            "example": "RESIDENTIAL",
            "enum": [
              "RESIDENTIAL"
            ]
          },
          "ownership": {
            "type": "string",
            "example": "JOINT",
            "enum": [
              "JOINT",
              "SINGLE"
            ]
          },
          "monthlyRepaymentAmount": {
            "maximum": 99999999,
            "minimum": 0,
            "type": "number",
            "description": "No decimal places"
          },
          "outstandingAmount": {
            "maximum": 99999999,
            "minimum": 0,
            "type": "number",
            "description": "No decimal places"
          },
          "redeemingMortgage": {
            "type": "boolean",
            "example": false,
            "enum": [
              true,
              false
            ]
          }
        }
      },
      "FinancialCommitment": {
        "required": [
          "monthlyPayments",
          "type"
        ],
        "type": "object",
        "properties": {
          "type": {
            "type": "string",
            "example": "CHILD_SUPPORT",
            "enum": [
              "CHILD_SUPPORT",
              "RENT",
              "SCHOOL_FEES",
              "CHILD_CARE_COSTS",
              "ADULT_CARE_COSTS",
              "GROUND_RENT",
              "SERVICE_CHARGE",
              "ESTATE_CHARGE",
              "HELP_TO_BUY_LOAN",
              "OTHER_COMMITTED_EXPENDITURE"
            ]
          },
          "monthlyPayments": {
            "maximum": 99999999,
            "minimum": 0,
            "type": "number",
            "description": "No decimal places",
            "example": 1000
          },
          "paymentsContinuing": {
            "maximum": 99999999,
            "minimum": 0,
            "type": "number",
            "description": "No decimal places",
            "example": 123400
          }
        }
      },
      "Income": {
        "required": [
          "amount",
          "frequency",
          "type"
        ],
        "type": "object",
        "properties": {
          "type": {
            "type": "string",
            "enum": [
              "BASIC_EARNINGS",
              "BONUS_GUARANTEED_PAID_MONTHLY",
              "BONUS_GUARANTEED_PAID_QUARTERLY",
              "BONUS_GUARANTEED_PAID_BI_ANNUALLY",
              "BONUS_GUARANTEED_PAID_ANNUALLY",
              "OVERTIME_GUARANTEED",
              "COMMISSION_GUARANTEED",
              "SHIFT_ALLOWANCE_GUARANTEED",
              "BONUS_DISCRETIONARY_PAID_MONTHLY",
              "BONUS_DISCRETIONARY_PAID_QUARTERLY",
              "BONUS_DISCRETIONARY_PAID_BI_ANNUALLY",
              "BONUS_DISCRETIONARY_PAID_ANNUALLY",
              "OVERTIME_REGULAR",
              "COMMISSION_REGULAR",
              "SHIFT_ALLOWANCE_REGULAR",
              "PROFIT_SHARE",
              "DIVIDEND",
              "CAR_ALLOWANCE",
              "MORTGAGE_SUBSIDY"
            ]
          },
          "frequency": {
            "type": "string",
            "enum": [
              "ANNUALLY",
              "BIANNUALLY",
              "QUARTERLY",
              "MONTHLY",
              "WEEKLY",
              "FORTNIGHTLY",
              "FOUR_WEEKLY"
            ]
          },
          "amount": {
            "maxLength": 8,
            "type": "number",
            "description": "No decimal places",
            "example": 2000
          }
        },
        "description": "Required if applicant employmentStatus is EMPLOYED"
      },
      "InterestOnly": {
        "type": "object",
        "properties": {
          "repaymentDetails": {
            "type": "array",
            "items": {
              "$ref": "#/components/schemas/RepaymentDetail"
            }
          },
          "amount": {
            "maximum": 99999999,
            "minimum": 1,
            "type": "number",
            "description": "Required if mortgageType is INTEREST_ONLY or MIXED",
            "example": 4000
          },
          "termMonths": {
            "maximum": 11,
            "minimum": 0,
            "type": "integer",
            "description": "Required if mortgageType is INTEREST_ONLY or MIXED",
            "format": "int32",
            "example": 11
          },
          "termYears": {
            "maximum": 99,
            "minimum": 0,
            "type": "integer",
            "description": "Required if mortgageType is INTEREST_ONLY or MIXED",
            "format": "int32",
            "example": 15
          }
        },
        "description": "Required if mortgageType is INTEREST_ONLY or MIXED"
      },
      "Loan": {
        "required": [
          "loanType",
          "monthlyPayment",
          "toBeRepaid"
        ],
        "type": "object",
        "properties": {
          "loanType": {
            "type": "string",
            "example": "HIRE_PURCHASE",
            "enum": [
              "HIRE_PURCHASE",
              "SECURED_LOAN",
              "UNSECURED_LOAN",
              "STUDENT_LOAN",
              "PERSONAL_CONTRACT_PURCHASE"
            ]
          },
          "monthlyPayment": {
            "maximum": 99999999,
            "minimum": 0,
            "type": "number",
            "description": "No decimal places",
            "example": 1000
          },
          "amountOutstanding": {
            "maximum": 99999999,
            "minimum": 0,
            "type": "number",
            "description": "No decimal places",
            "example": 24000
          },
          "toBeRepaid": {
            "type": "boolean",
            "example": false,
            "enum": [
              true,
              false
            ]
          },
          "debtConsolidation": {
            "type": "boolean",
            "example": false,
            "enum": [
              true,
              false
            ]
          }
        }
      },
      "Mortgage": {
        "required": [
          "mortgageAmount",
          "mortgageTermMonths",
          "mortgageTermYears",
          "mortgageType"
        ],
        "type": "object",
        "properties": {
          "propertyValue": {
            "maximum": 99999999,
            "type": "number",
            "description": "Required  if loanPurpose = HOUSE_PURCHASE/REMORTGAGE , No decimal places",
            "example": 1234567
          },
          "purchasePrice": {
            "maximum": 99999999,
            "type": "number",
            "description": "Required if loanPurpose = HOUSE_PURCHASE, No decimal places",
            "example": 1234567
          },
          "outstandingMortgage": {
            "maximum": 99999999,
            "minimum": 0,
            "type": "number",
            "description": "Required if loanPurpose = REMORTGAGE or TRANSFER_OF_TITLE_WITH_ADDITIONAL_BORROWING , No decimal places",
            "example": 1234567
          },
          "additionalBorrowings": {
            "type": "array",
            "items": {
              "$ref": "#/components/schemas/MortgageAdditionalBorrowing"
            }
          },
          "mortgageAmount": {
            "maximum": 99999999,
            "minimum": 1,
            "type": "number",
            "description": "For a REMORTGAGE journey, mortgageAmount should be equal to sum of additionalBorrowings amount + outstandingMortgage, No decimal places",
            "example": 12345678
          },
          "mortgageTermYears": {
            "maximum": 99,
            "minimum": 0,
            "type": "integer",
            "format": "int32",
            "example": 10
          },
          "mortgageTermMonths": {
            "maximum": 11,
            "minimum": 0,
            "type": "integer",
            "format": "int32",
            "example": 7
          },
          "mortgageType": {
            "type": "string",
            "example": "REPAYMENT",
            "enum": [
              "REPAYMENT",
              "INTEREST_ONLY",
              "MIXED"
            ]
          },
          "mortgageAdvised": {
            "type": "string",
            "description": "Required if Application Type = RESIDENTIAL",
            "enum": [
              "ADVICE",
              "REJECTED_ADVICE_EXECUTION_ONLY"
            ]
          },
          "mortgagePrisoner": {
            "type": "boolean",
            "description": "Required if loanPurpose = REMORTGAGE or TRANSFER_OF_TITLE_WITH_ADDITIONAL_BORROWING AND mortgageAdvised = ADVICE",
            "example": true,
            "enum": [
              true,
              false
            ]
          },
          "rightToBuy": {
            "type": "boolean",
            "example": true,
            "enum": [
              true,
              false
            ]
          },
          "mortgageGuarantee": {
            "type": "boolean",
            "example": true,
            "enum": [
              true,
              false
            ]
          },
          "mortgagePorting": {
            "type": "boolean",
            "example": true,
            "enum": [
              true,
              false
            ]
          },
          "interestOnly": {
            "$ref": "#/components/schemas/InterestOnly"
          },
          "likeForLikeMortgage": {
            "type": "boolean",
            "example": true,
            "enum": [
              true,
              false
            ]
          },
          "pre2015Mortgage": {
            "type": "boolean",
            "example": true,
            "enum": [
              true,
              false
            ]
          },
          "retainIOandBorrowmore": {
            "type": "string",
            "example": "YES_BUT_NOT_BORROWING_MORE",
            "enum": [
              "NO",
              "YES_BUT_NOT_BORROWING_MORE",
              "YES_AND_BORROWING_MORE_CI_BASIS",
              "YES_AND_BORROWING_MORE_IO_OR_MIXED"
            ]
          },
          "buyToLet": {
            "$ref": "#/components/schemas/BuyToLet"
          },
          "otherProperties": {
            "type": "array",
            "items": {
              "$ref": "#/components/schemas/OtherProperty"
            }
          },
          "productTerm": {
            "type": "string",
            "example": "TWO_YEAR",
            "enum": [
              "TWO_YEAR",
              "FIVE_YEAR"
            ]
          }
        }
      },
      "MortgageAdditionalBorrowing": {
        "type": "object",
        "properties": {
          "amount": {
            "minimum": 1,
            "exclusiveMinimum": false,
            "type": "number",
            "description": "12345678 and maximum 8 digits, Required if Mortgage Type = TRANSFER_OF_TITLE_WITH_ADDITIONAL_BORROWING, No decimal places"
          },
          "reason": {
            "type": "string",
            "description": "Required if mortgage additional borrowing amount is greater than Zero",
            "enum": [
              "HOME_IMPROVEMENT",
              "HOUSE_PURCHASE",
              "HOLIDAY",
              "BUY_NEW_CAR",
              "BUY_USED_CAR",
              "DEBT_CONSOLIDATION",
              "OTHER"
            ]
          }
        }
      },
      "OtherIncome": {
        "required": [
          "amount",
          "frequency",
          "type"
        ],
        "type": "object",
        "properties": {
          "type": {
            "type": "string",
            "enum": [
              "WORKING_FAMILIES_TAX_CREDIT",
              "CHILD_BENEFIT",
              "UNIVERSAL_CREDIT",
              "CARERS_ALLOWANCE",
              "DISABLEMENT_LIVING_ALLOWANCE",
              "PERSONAL_INDEPENDENT_INCOME",
              "DIVIDEND",
              "INVESTMENT_INCOME",
              "MAINTENANCE",
              "PENSION_PRIVATE_OR_EMPLOYERS",
              "PENSION_STATE",
              "RENTAL_INCOME",
              "TRUST",
              "OTHER_TAXABLE",
              "OTHER_NON_TAXABLE"
            ]
          },
          "frequency": {
            "type": "string",
            "enum": [
              "ANNUALLY",
              "BIANNUALLY",
              "QUARTERLY",
              "MONTHLY",
              "WEEKLY",
              "FORTNIGHTLY",
              "FOUR_WEEKLY"
            ]
          },
          "amount": {
            "maximum": 99999999,
            "minimum": 1,
            "type": "number",
            "description": "No decimal places",
            "example": 2000
          }
        }
      },
      "OtherProperty": {
        "required": [
          "ownership",
          "ownershipType",
          "propertyUsage"
        ],
        "type": "object",
        "properties": {
          "interestOnlyAmount": {
            "maximum": 99999999,
            "minimum": 1,
            "type": "number",
            "description": "Required if otherProperties.mortgageRepaymentType is MIXED. No decimal places",
            "example": 250000
          },
          "monthlyMortgagePayment": {
            "maximum": 99999999,
            "minimum": 1,
            "type": "number",
            "description": "Required if otherProperties.ownershipType is HELD_RBSG or HELD_ELSEWHERE. No decimal places",
            "example": 1000
          },
          "monthlyRentalIncome": {
            "maximum": 8000000,
            "minimum": 1,
            "type": "number",
            "description": "Required if otherProperties.propertyUsage is BUY_TO_LET or CONSENT_TO_LET. No decimal places",
            "example": 1000
          },
          "mortgageRepaymentType": {
            "type": "string",
            "description": "Required if otherProperties.ownershipType is HELD_RBSG or HELD_ELSEWHERE",
            "example": "REPAYMENT",
            "enum": [
              "REPAYMENT",
              "INTEREST_ONLY",
              "MIXED"
            ]
          },
          "outstandingMortgageBalance": {
            "maximum": 99999999,
            "minimum": 1,
            "type": "number",
            "description": "Required if otherProperties.ownershipType is HELD_RBSG or HELD_ELSEWHERE. No decimal places",
            "example": 250000
          },
          "ownership": {
            "type": "string",
            "example": "APPLICANT_ONE",
            "enum": [
              "APPLICANT_ONE",
              "APPLICANT_TWO",
              "JOINT"
            ]
          },
          "ownershipType": {
            "type": "string",
            "example": "HELD_RBSG",
            "enum": [
              "HELD_RBSG",
              "HELD_ELSEWHERE",
              "UNENCUMBERED"
            ]
          },
          "propertyRedemption": {
            "type": "boolean",
            "description": "Required if otherProperties.ownershipType is HELD_RBSG or HELD_ELSEWHERE",
            "example": false,
            "enum": [
              true,
              false
            ]
          },
          "propertyUsage": {
            "type": "string",
            "example": "BUY_TO_LET",
            "enum": [
              "RESIDENTIAL",
              "CONSENT_TO_LET",
              "BUY_TO_LET"
            ]
          },
          "remainingMortgageTermMonths": {
            "maximum": 11,
            "minimum": 0,
            "type": "integer",
            "description": "Required if otherProperties.ownershipType is HELD_RBSG or HELD_ELSEWHERE",
            "format": "int32",
            "example": 7
          },
          "remainingMortgageTermYears": {
            "maximum": 99,
            "minimum": 0,
            "type": "integer",
            "description": "Required if otherProperties.ownershipType is HELD_RBSG or HELD_ELSEWHERE",
            "format": "int32",
            "example": 15
          }
        },
        "description": "Provide list of background properties which includes Second home, Holiday and Buy to Let homes"
      },
      "PersonalDetails": {
        "required": [
          "countryOfResidenceIsoCode",
          "dateOfBirth",
          "firstNames",
          "lastName",
          "nationality",
          "title"
        ],
        "type": "object",
        "properties": {
          "title": {
            "type": "string",
            "description": "Title of the Applicant",
            "enum": [
              "NONE",
              "MR",
              "MRS",
              "MISS",
              "MS",
              "DR",
              "REVEREND",
              "PROFESSOR",
              "SIR",
              "LORD",
              "LADY",
              "CAPTAIN",
              "MAJOR",
              "COLONEL",
              "MASTER",
              "HON",
              "MX",
              "SISTER",
              "VISCOUNT",
              "COUNTESS",
              "EARL",
              "OTHER"
            ]
          },
          "otherTitle": {
            "maxLength": 15,
            "minLength": 1,
            "type": "string",
            "description": "Required if title is Other"
          },
          "firstNames": {
            "maxLength": 15,
            "minLength": 1,
            "type": "string",
            "example": "John"
          },
          "middleNames": {
            "maxLength": 25,
            "type": "string",
            "example": "John"
          },
          "lastName": {
            "maxLength": 30,
            "minLength": 1,
            "type": "string",
            "example": "John"
          },
          "gender": {
            "type": "string",
            "enum": [
              "MALE",
              "FEMALE"
            ]
          },
          "dateOfBirth": {
            "type": "string",
            "example": "2000-01-01"
          },
          "maritalStatus": {
            "type": "string",
            "enum": [
              "DIVORCED",
              "MARRIED",
              "SEPARATED",
              "SINGLE",
              "ENGAGED",
              "WIDOWED",
              "LIVING_WITH_PARTNER",
              "CIVIL_PARTNERSHIP",
              "SURVIVING_CIVIL_PARTNER"
            ]
          },
          "nationality": {
            "maxLength": 2,
            "type": "string",
            "description": "(ISO 3166-1, Alpha-2 code)",
            "example": "GB"
          },
          "rightToReside": {
            "type": "boolean",
            "description": "Required if nationality is Non UK",
            "example": true,
            "enum": [
              true,
              false
            ]
          },
          "countryOfResidenceIsoCode": {
            "maxLength": 2,
            "type": "string",
            "example": "GB"
          },
          "telephones": {
            "minItems": 1,
            "uniqueItems": true,
            "type": "array",
            "items": {
              "$ref": "#/components/schemas/Telephone"
            }
          },
          "email": {
            "pattern": "^[a-zA-Z0-9.!#$%&'*+/=?^_`{|}~-]+@[a-zA-Z0-9-]+(?:\\.[a-zA-Z0-9-]+)*$",
            "type": "string",
            "description": "Applicant's email id should not be more than 72 characters",
            "example": "applicant@email.com"
          }
        }
      },
      "Property": {
        "type": "object",
        "properties": {
          "propertyType": {
            "type": "string",
            "enum": [
              "BUNGALOW_NEW_BUILD",
              "BUNGALOW_DETACHED",
              "BUNGALOW_SEMI_DETACHED",
              "BUNGALOW_MID_TERRACED",
              "BUNGALOW_END_TERRACED",
              "HOUSE_NEW_BUILD",
              "HOUSE_DETACHED",
              "HOUSE_SEMI_DETACHED",
              "HOUSE_MID_TERRACED",
              "HOUSE_END_TERRACED",
              "HOUSE_NEW_BUY",
              "FLAT_NEW_BUILD",
              "FLAT_PURPOSE_BUILT",
              "FLAT_CONVERTED",
              "FLAT_NEW_BUY"
            ]
          }
        }
      },
      "RepaymentDetail": {
        "required": [
          "repaymentStrategyType",
          "repaymentValue"
        ],
        "type": "object",
        "properties": {
          "repaymentStrategyType": {
            "type": "string",
            "example": "MAIN_RESIDENCE",
            "enum": [
              "MAIN_RESIDENCE",
              "NOT_MAIN_RESIDENCE",
              "OTHER_MORTGAGE_PROPERTY",
              "UNENCUMBERED_MAIN_RESIDENCE",
              "UNENCUMBERED_OTHER_PROPERTY",
              "UNENCUMBERED_OTHER_TERRACED",
              "STOCK_SHARES",
              "UNIT_TRUSTS",
              "OEIC",
              "ICVC",
              "PENSION",
              "SAVING",
              "OTHER_ASSETS",
              "ENDOWMENT"
            ]
          },
          "repaymentValue": {
            "maximum": 99999999,
            "minimum": 0,
            "type": "number",
            "description": "No decimal places",
            "example": 12345678
          },
          "repaymentMortgageAmount": {
            "maximum": 99999999,
            "minimum": 0,
            "type": "number",
            "description": "No decimal places",
            "example": 12345678
          }
        },
        "description": "Required if applicationType is RESIDENTIAL"
      },
      "SelfEmployed": {
        "required": [
          "businessType",
          "selfEmployedDateEstablished"
        ],
        "type": "object",
        "properties": {
          "businessType": {
            "type": "string",
            "example": "SOLE_TRADER",
            "enum": [
              "SOLE_TRADER",
              "PARTNERSHIP",
              "LIMITED_COMPANY"
            ]
          },
          "selfEmployedDateEstablished": {
            "type": "string",
            "example": "2000-01-01"
          },
          "drawingsLatest": {
            "maximum": 99999999,
            "minimum": 0,
            "type": "number",
            "description": "No decimal places",
            "example": 20000
          },
          "drawingsPrevious": {
            "maximum": 99999999,
            "minimum": 0,
            "type": "number",
            "description": "No decimal places",
            "example": 20000
          },
          "dividendsLatest": {
            "maximum": 99999999,
            "minimum": 0,
            "type": "number",
            "description": "No decimal places",
            "example": 50000
          },
          "dividendsPrevious": {
            "maximum": 99999999,
            "minimum": 0,
            "type": "number",
            "description": "No decimal places",
            "example": 50000
          },
          "netProfitLatest": {
            "maximum": 99999999,
            "minimum": 0,
            "type": "number",
            "description": "No decimal places",
            "example": 70000
          },
          "netProfitPrevious": {
            "maximum": 99999999,
            "minimum": 0,
            "type": "number",
            "description": "No decimal places",
            "example": 70000
          }
        },
        "description": "Required if employmentStatus is SELF_EMPLOYED"
      },
      "SubAccount": {
        "type": "object",
        "properties": {
          "currentBalance": {
            "type": "number",
            "description": "No decimal places"
          },
          "termRemaining": {
            "maximum": 999,
            "type": "integer",
            "format": "int32",
            "example": 10
          },
          "subAccountRepaymentType": {
            "type": "string",
            "enum": [
              "SUB_ACCOUNT_CAPITAL_REPAYMENT",
              "SUB_ACCOUNT_INTEREST_ONLY"
            ]
          }
        }
      },
      "Telephone": {
        "required": [
          "number",
          "type"
        ],
        "type": "object",
        "properties": {
          "type": {
            "type": "string",
            "enum": [
              "HOME",
              "WORK",
              "MOBILE",
              "FAX"
            ]
          },
          "number": {
            "pattern": "^0\\d{10,14}$",
            "type": "string",
            "description": "Required if telephone is provided. Telephone number can not be more than 15 digits, minimum 11 digits starting with 0",
            "example": "004412345678"
          },
          "preferred": {
            "type": "boolean",
            "description": "Preferred telephone number",
            "example": true,
            "enum": [
              true,
              false
            ]
          }
        },
        "description": "Customer telephone numbers"
      },
      "DipData": {
        "type": "object",
        "properties": {
          "dipRequest": {
            "$ref": "#/components/schemas/Application"
          },
          "dipResponse": {
            "$ref": "#/components/schemas/DipResponse"
          },
          "dateCreated": {
            "type": "string",
            "format": "date-time"
          }
        }
      },
      "DipResponse": {
        "type": "object",
        "properties": {
          "dipId": {
            "type": "string",
            "example": "F2020303940"
          },
          "decision": {
            "type": "string",
            "example": "REFER"
          },
          "businessMessages": {
            "type": "array",
            "items": {
              "type": "string"
            }
          }
        },
        "description": "Decision in principle response"
      },
      "DecisionResponse": {
        "required": [
          "dipId"
        ],
        "type": "object",
        "properties": {
          "dipRequest": {
            "$ref": "#/components/schemas/Application"
          },
          "dipResponse": {
            "$ref": "#/components/schemas/DipResponse"
          },
          "dipId": {
            "pattern": "[A-Za-z0-9]+",
            "type": "string",
            "example": "CASE123"
          }
        }
      }
    }
  }
}