<configuration>

    <appender name="STDOUT" class="ch.qos.logback.core.ConsoleAppender">
        <encoder>
            <pattern>%d{HH:mm:ss.SSS} [%X{X-B3-TraceId}/%X{X-B3-SpanId}][%thread] %-5level %logger{100} - %msg%n</pattern>
        </encoder>
    </appender>

    <logger name="com.rbs.pbbdhb" level="DEBUG"/>
    <logger name="com.rbs.dws" level="DEBUG"/>
    <logger name="org.springframework.web.filter.CommonsRequestLoggingFilter" level="DEBUG"/>

    <root level="INFO">
        <appender-ref ref="STDOUT"/>
    </root>
</configuration>